oligoset_id	oligo_0	oligo_1	oligo_2	oligo_3	oligo_4	set_score_worst	set_score_sum
0	PRR35::9599	PRR35::7368	PRR35::10530	PRR35::2129	PRR35::10348	0.993	4.188
1	PRR35::9599	PRR35::10527	PRR35::10530	PRR35::2129	PRR35::10348	0.993	4.188
2	PRR35::9599	PRR35::7368	PRR35::10530	PRR35::9379	PRR35::10348	0.993	4.189
3	PRR35::9599	PRR35::10527	PRR35::10530	PRR35::9379	PRR35::10348	0.993	4.189
4	PRR35::9599	PRR35::7368	PRR35::10530	PRR35::7825	PRR35::10348	0.993	4.189
5	PRR35::9599	PRR35::10527	PRR35::10530	PRR35::7825	PRR35::10348	0.993	4.189
6	PRR35::9599	PRR35::10710	PRR35::10530	PRR35::2129	PRR35::10348	0.993	4.19
7	PRR35::9599	PRR35::7368	PRR35::10530	PRR35::9049	PRR35::10348	0.993	4.19
8	PRR35::9599	PRR35::10527	PRR35::10530	PRR35::9049	PRR35::10348	0.993	4.19
9	PRR35::9599	PRR35::10710	PRR35::10530	PRR35::9379	PRR35::10348	0.993	4.191
10	PRR35::9599	PRR35::10710	PRR35::10530	PRR35::7825	PRR35::10348	0.993	4.191
11	PRR35::9599	PRR35::7368	PRR35::10530	PRR35::8893	PRR35::10348	0.993	4.192
12	PRR35::9599	PRR35::10527	PRR35::10530	PRR35::8893	PRR35::10348	0.993	4.192
13	PRR35::9599	PRR35::7380	PRR35::10530	PRR35::2129	PRR35::10348	0.993	4.192
14	PRR35::9599	PRR35::10710	PRR35::10530	PRR35::9049	PRR35::10348	0.993	4.192
15	PRR35::9599	PRR35::7380	PRR35::10530	PRR35::9379	PRR35::10348	0.993	4.193
16	PRR35::9599	PRR35::7380	PRR35::10530	PRR35::7825	PRR35::10348	0.993	4.193
17	PRR35::9599	PRR35::10710	PRR35::10530	PRR35::8893	PRR35::10348	0.993	4.194
18	PRR35::9599	PRR35::9608	PRR35::10530	PRR35::2129	PRR35::10348	0.993	4.194
19	PRR35::9599	PRR35::7380	PRR35::10530	PRR35::9049	PRR35::10348	0.993	4.194
20	PRR35::9599	PRR35::7368	PRR35::10530	PRR35::9617	PRR35::10348	0.993	4.195
21	PRR35::9599	PRR35::10527	PRR35::10530	PRR35::9617	PRR35::10348	0.993	4.195
22	PRR35::9599	PRR35::9608	PRR35::10530	PRR35::9379	PRR35::10348	0.993	4.195
23	PRR35::9599	PRR35::9608	PRR35::10530	PRR35::7825	PRR35::10348	0.993	4.195
24	PRR35::9599	PRR35::7380	PRR35::10530	PRR35::8893	PRR35::10348	0.993	4.196
25	PRR35::9599	PRR35::9608	PRR35::10530	PRR35::9049	PRR35::10348	0.993	4.196
26	PRR35::9599	PRR35::10710	PRR35::10530	PRR35::9617	PRR35::10348	0.993	4.197
27	PRR35::9599	PRR35::9608	PRR35::10530	PRR35::8893	PRR35::10348	0.993	4.198
28	PRR35::9599	PRR35::9489	PRR35::10530	PRR35::2129	PRR35::10348	0.993	4.198
29	PRR35::9599	PRR35::7380	PRR35::10530	PRR35::9617	PRR35::10348	0.993	4.199
30	PRR35::9599	PRR35::9489	PRR35::10530	PRR35::9379	PRR35::10348	0.993	4.199
31	PRR35::9599	PRR35::9489	PRR35::10530	PRR35::7825	PRR35::10348	0.993	4.199
32	PRR35::9599	PRR35::7368	PRR35::10530	PRR35::8892	PRR35::10348	0.993	4.2
33	PRR35::9599	PRR35::10527	PRR35::10530	PRR35::8892	PRR35::10348	0.993	4.2
34	PRR35::9599	PRR35::9489	PRR35::10530	PRR35::9049	PRR35::10348	0.993	4.2
35	PRR35::9599	PRR35::7368	PRR35::10530	PRR35::8956	PRR35::10348	0.993	4.2
36	PRR35::9599	PRR35::10527	PRR35::10530	PRR35::8956	PRR35::10348	0.993	4.2
37	PRR35::9599	PRR35::9608	PRR35::10530	PRR35::9617	PRR35::10348	0.993	4.201
38	PRR35::9599	PRR35::9489	PRR35::10530	PRR35::8893	PRR35::10348	0.993	4.202
39	PRR35::9599	PRR35::10710	PRR35::10530	PRR35::8892	PRR35::10348	0.993	4.202
40	PRR35::9599	PRR35::10710	PRR35::10530	PRR35::8956	PRR35::10348	0.993	4.202
41	PRR35::9599	PRR35::7368	PRR35::10530	PRR35::6513	PRR35::10348	0.993	4.203
42	PRR35::9599	PRR35::10527	PRR35::10530	PRR35::6513	PRR35::10348	0.993	4.203
43	PRR35::9599	PRR35::7368	PRR35::10530	PRR35::10529	PRR35::10348	0.993	4.203
44	PRR35::9599	PRR35::10527	PRR35::10530	PRR35::10529	PRR35::10348	0.993	4.203
45	PRR35::9599	PRR35::7368	PRR35::10530	PRR35::6511	PRR35::10348	0.993	4.203
46	PRR35::9599	PRR35::10527	PRR35::10530	PRR35::6511	PRR35::10348	0.993	4.203
47	PRR35::9599	PRR35::7380	PRR35::10530	PRR35::8892	PRR35::10348	0.993	4.204
48	PRR35::9599	PRR35::7380	PRR35::10530	PRR35::8956	PRR35::10348	0.993	4.204
49	PRR35::9599	PRR35::9489	PRR35::10530	PRR35::9617	PRR35::10348	0.993	4.205
50	PRR35::9599	PRR35::10710	PRR35::10530	PRR35::6513	PRR35::10348	0.993	4.205
51	PRR35::9599	PRR35::10710	PRR35::10530	PRR35::10529	PRR35::10348	0.993	4.205
52	PRR35::9599	PRR35::10710	PRR35::10530	PRR35::6511	PRR35::10348	0.993	4.205
53	PRR35::9599	PRR35::9608	PRR35::10530	PRR35::8892	PRR35::10348	0.993	4.206
54	PRR35::9599	PRR35::9608	PRR35::10530	PRR35::8956	PRR35::10348	0.993	4.206
55	PRR35::9599	PRR35::7380	PRR35::10530	PRR35::6513	PRR35::10348	0.993	4.207
56	PRR35::9599	PRR35::7380	PRR35::10530	PRR35::10529	PRR35::10348	0.993	4.207
57	PRR35::9599	PRR35::7380	PRR35::10530	PRR35::6511	PRR35::10348	0.993	4.207
58	PRR35::9599	PRR35::9488	PRR35::10530	PRR35::2129	PRR35::10348	0.993	4.208
59	PRR35::9599	PRR35::9608	PRR35::10530	PRR35::6513	PRR35::10348	0.993	4.209
60	PRR35::9599	PRR35::9608	PRR35::10530	PRR35::10529	PRR35::10348	0.993	4.209
61	PRR35::9599	PRR35::9488	PRR35::10530	PRR35::9379	PRR35::10348	0.993	4.209
62	PRR35::9599	PRR35::9608	PRR35::10530	PRR35::6511	PRR35::10348	0.993	4.209
63	PRR35::9599	PRR35::9488	PRR35::10530	PRR35::7825	PRR35::10348	0.993	4.209
64	PRR35::9599	PRR35::9489	PRR35::10530	PRR35::8892	PRR35::10348	0.993	4.21
65	PRR35::9599	PRR35::9488	PRR35::10530	PRR35::9049	PRR35::10348	0.993	4.21
66	PRR35::9599	PRR35::9489	PRR35::10530	PRR35::8956	PRR35::10348	0.993	4.21
67	PRR35::9599	PRR35::9488	PRR35::10530	PRR35::8893	PRR35::10348	0.993	4.212
68	PRR35::9599	PRR35::9489	PRR35::10530	PRR35::6513	PRR35::10348	0.993	4.213
69	PRR35::9599	PRR35::9489	PRR35::10530	PRR35::10529	PRR35::10348	0.993	4.213
70	PRR35::9599	PRR35::9489	PRR35::10530	PRR35::6511	PRR35::10348	0.993	4.213
71	PRR35::9599	PRR35::9488	PRR35::10530	PRR35::9617	PRR35::10348	0.993	4.215
72	PRR35::9599	PRR35::7368	PRR35::8232	PRR35::2129	PRR35::10348	0.993	4.218
73	PRR35::9599	PRR35::10527	PRR35::8232	PRR35::2129	PRR35::10348	0.993	4.218
74	PRR35::9599	PRR35::7368	PRR35::8232	PRR35::9379	PRR35::10348	0.993	4.219
75	PRR35::9599	PRR35::10527	PRR35::8232	PRR35::9379	PRR35::10348	0.993	4.219
76	PRR35::9599	PRR35::7368	PRR35::9493	PRR35::2129	PRR35::10348	0.993	4.219
77	PRR35::9599	PRR35::10527	PRR35::9493	PRR35::2129	PRR35::10348	0.993	4.219
78	PRR35::9599	PRR35::8924	PRR35::10530	PRR35::2129	PRR35::10348	0.993	4.219
79	PRR35::9599	PRR35::7368	PRR35::8232	PRR35::7825	PRR35::10348	0.993	4.219
80	PRR35::9599	PRR35::10527	PRR35::8232	PRR35::7825	PRR35::10348	0.993	4.219
81	PRR35::9599	PRR35::9488	PRR35::10530	PRR35::8892	PRR35::10348	0.993	4.22
82	PRR35::9599	PRR35::7368	PRR35::9493	PRR35::9379	PRR35::10348	0.993	4.22
83	PRR35::9599	PRR35::10527	PRR35::9493	PRR35::9379	PRR35::10348	0.993	4.22
84	PRR35::9599	PRR35::8924	PRR35::10530	PRR35::9379	PRR35::10348	0.993	4.22
85	PRR35::9599	PRR35::10710	PRR35::8232	PRR35::2129	PRR35::10348	0.993	4.22
86	PRR35::9599	PRR35::7368	PRR35::9493	PRR35::7825	PRR35::10348	0.993	4.22
87	PRR35::9599	PRR35::10527	PRR35::9493	PRR35::7825	PRR35::10348	0.993	4.22
88	PRR35::9599	PRR35::8924	PRR35::10530	PRR35::7825	PRR35::10348	0.993	4.22
89	PRR35::9599	PRR35::7368	PRR35::8232	PRR35::9049	PRR35::10348	0.993	4.22
90	PRR35::9599	PRR35::10527	PRR35::8232	PRR35::9049	PRR35::10348	0.993	4.22
91	PRR35::9599	PRR35::9488	PRR35::10530	PRR35::8956	PRR35::10348	0.993	4.22
92	PRR35::9599	PRR35::10710	PRR35::8232	PRR35::9379	PRR35::10348	0.993	4.221
93	PRR35::9599	PRR35::10710	PRR35::9493	PRR35::2129	PRR35::10348	0.993	4.221
94	PRR35::9599	PRR35::10710	PRR35::8232	PRR35::7825	PRR35::10348	0.993	4.221
95	PRR35::9599	PRR35::7368	PRR35::9493	PRR35::9049	PRR35::10348	0.993	4.221
96	PRR35::9599	PRR35::10527	PRR35::9493	PRR35::9049	PRR35::10348	0.993	4.221
97	PRR35::9599	PRR35::8924	PRR35::10530	PRR35::9049	PRR35::10348	0.993	4.221
98	PRR35::9599	PRR35::7368	PRR35::8232	PRR35::8893	PRR35::10348	0.993	4.222
99	PRR35::9599	PRR35::10527	PRR35::8232	PRR35::8893	PRR35::10348	0.993	4.222
